range,name,packaging,sku_nz,price_nz,sku_au,price_au,image_url,notes
Auto Ego Keyrings,24 with Stand,STAND,,168.00,,168.00,,
Auto Ego Keyrings,Always Filthy,RING,AEKR008,7.00,AAEKR008,7.00,https://sweetdisorder.co.nz/cdn/shop/files/ProductImages_KeyRings2026_0003_AlwaysFilthy.jpg?v=1773887324,
Auto Ego Keyrings,Best Ride Ever,RING,AEKR006,7.00,AAEKR006,7.00,https://sweetdisorder.co.nz/cdn/shop/files/ProductImages_KeyRings2026_0004_BestRideEver.jpg?v=1773887037,
Auto Ego Keyrings,Flash Bastard,RING,AEKR005,7.00,AAEKR005,7.00,https://sweetdisorder.co.nz/cdn/shop/files/ProductImages_KeyRings2026_0007_FlashBastard.jpg?v=1773887455,
Auto Ego Keyrings,High Maintenance,RING,AEKR001,7.00,AAEKR001,7.00,https://sweetdisorder.co.nz/cdn/shop/files/ProductImages_KeyRings2026_0002_HighMaintenance.jpg?v=1773886848,
Auto Ego Keyrings,My Best Asset,RING,AEKR004,7.00,AAEKR004,7.00,https://sweetdisorder.co.nz/cdn/shop/files/ProductImages_KeyRings2026_0006_BestAsset.jpg?v=1773887769,
Auto Ego Keyrings,Old Banger,RING,AEKR007,7.00,AAEKR007,7.00,https://sweetdisorder.co.nz/cdn/shop/files/ProductImages_KeyRings2026_0005_OldBanger.jpg?v=1773887248,
Auto Ego Keyrings,Rusty But Trusty,RING,AEKR003,7.00,AAEKR003,7.00,https://sweetdisorder.co.nz/cdn/shop/files/ProductImages_KeyRings2026_0008_RustyButTrusty.jpg?v=1773887139,
Auto Ego Keyrings,Size Does Matter,RING,AEKR002,7.00,AAEKR002,7.00,https://sweetdisorder.co.nz/cdn/shop/files/ProductImages_KeyRings2026_0001_SizeDoesMatter.jpg?v=1773886405,
Award Badges,Award Badges Display Stand (36pc),STAND,,259.20,,282.60,,
Award Badges,Best Dad,BADGE,,7.20,ASDAB14,7.85,https://sweetdisorder.co.nz/cdn/shop/files/ProductImages_Badges2026_0011_BestDad03.jpg?v=1773884282,
Award Badges,Best Mum,BADGE,,7.20,ASDAB13,7.85,https://sweetdisorder.co.nz/cdn/shop/files/ProductImages_Badges2026_0002_BestMum03.jpg?v=1773884169,
Award Badges,Bullshit Artist,BADGE,SDAB09,7.20,ASDAB09,7.85,https://sweetdisorder.co.nz/cdn/shop/files/SweetDisorder_Badges2025_0029_Bullshit03.jpg?v=1753691489,
Award Badges,CEO of Everything,BADGE,SDAB04,7.20,ASDAB04,7.85,https://sweetdisorder.co.nz/cdn/shop/files/SweetDisorder_Badges2025_0023_CEO03.jpg?v=1753691188,
Award Badges,Certified Smartarse,BADGE,SDAB06,7.20,ASDAB06,7.85,https://sweetdisorder.co.nz/cdn/shop/files/SweetDisorder_Badges2025_0011_Smartarse03.jpg?v=1753690397,
Award Badges,Certified Superstar,BADGE,SDAB02,7.20,ASDAB02,7.85,https://sweetdisorder.co.nz/cdn/shop/files/SweetDisorder_Badges2025_0014_Superstar03.jpg?v=1753690596,
Award Badges,Chief Grumpy Bugger,BADGE,SDAB05,7.20,ASDAB05,7.85,https://sweetdisorder.co.nz/cdn/shop/files/SweetDisorder_Badges2025_0008_GrumpyBugger03.jpg?v=1753689877,
Award Badges,Cray-Cray,BADGE,,7.20,ASDAB19,7.85,,
Award Badges,Dickhead,BADGE,,7.20,ASDAB17,7.85,,
Award Badges,Dumbass,BADGE,,7.20,ASDAB20,7.85,,
Award Badges,Head Drama Queen,BADGE,SDAB10,7.20,ASDAB10,7.85,https://sweetdisorder.co.nz/cdn/shop/files/SweetDisorder_Badges2025_0002_HeadDrama03.jpg?v=1753688014,
Award Badges,Karen,BADGE,,7.20,ASDAB16,7.85,https://sweetdisorder.co.nz/cdn/shop/files/ProductImages_Badges2026_0014_Karen03.jpg?v=1773885117,
Award Badges,Mum of the Year,BADGE,SDAB13,7.20,ASDAB12-PENDING-1,7.85,https://sweetdisorder.co.nz/cdn/shop/files/ProductImages_Badges2026_0005_MumoftheYear03.jpg?v=1773884398,"Placeholder AU SKU - source data gave this the same AU sku as ""Perfect"" (ASDAB12) by mistake. Needs a real AU SKU confirmed with Molly's supplier before relying on it for actual ordering."
Award Badges,Old Fart,BADGE,,7.20,ASDAB21,7.85,https://sweetdisorder.co.nz/cdn/shop/files/ProductImages_Badges2026_0016_OldFart03.jpg?v=1773885213,
Award Badges,Perfect,BADGE,SDAB12,7.20,ASDAB12-PENDING-2,7.85,https://sweetdisorder.co.nz/cdn/shop/files/SweetDisorder_Badges2025_0020_Perfect03.jpg?v=1753690991,"Placeholder AU SKU - source data gave this the same AU sku as ""Mum of the Year"" (ASDAB12) by mistake. Needs a real AU SKU confirmed with Molly's supplier before relying on it for actual ordering."
Award Badges,Shit Show Supervisor,BADGE,SDAB11,7.20,ASDAB11,7.85,https://sweetdisorder.co.nz/cdn/shop/files/SweetDisorder_Badges2025_0005_ShitShow03_aa749be3-86a2-4e6c-b9f0-411b2dc31d2e.jpg?v=1753689690,
Award Badges,Tantrum Negotiator,BADGE,SDAB08,7.20,ASDAB08,7.85,https://sweetdisorder.co.nz/cdn/shop/files/SweetDisorder_Badges2025_0032_Tantrum03.jpg?v=1753691779,
Award Badges,Total Fuckwit,BADGE,,7.20,ASDAB18,7.85,,
Award Badges,Total Legend,BADGE,SDAB01,7.20,ASDAB01,7.85,https://sweetdisorder.co.nz/cdn/shop/files/SweetDisorder_Badges2025_0026_Legend03.jpg?v=1753691363,
Award Badges,Worlds Best Nana,BADGE,,7.20,ASDAB15,7.85,,
Award Badges,Zero Fucks Specialist,BADGE,SDAB03,7.20,ASDAB03,7.85,https://sweetdisorder.co.nz/cdn/shop/files/SweetDisorder_Badges2025_0017_ZeroFucks03.jpg?v=1753690840,
First Aid Kits,First Aid Kit,BAG,SDFAB-RED,20.00,ASDFAB-RED,20.00,https://sweetdisorder.co.nz/cdn/shop/files/ProductImages_FirstAidBags2026_0000_Group01_8c9fd218-e41b-46b7-9f12-77c0779c98f1.jpg?v=1775944810,
First Aid Kits,First Aid Survival Kit,BAG,SDFAB-CREAM,20.00,ASDFAB-CREAM,20.00,https://sweetdisorder.co.nz/cdn/shop/files/ProductImages_FirstAidBags2026_0001s_0000_WhiteBag01.jpg?v=1775945039,
First Aid Kits,My Bag of Meds,BAG,SDFAB-BLA,20.00,ASDFAB-BLA,20.00,https://sweetdisorder.co.nz/cdn/shop/files/ProductImages_FirstAidBags2026_0002s_0000_BlackBag01.jpg?v=1775944948,
Insulated Mugs,Chief Badass,MUG,SDIM04,17.00,ASDIM04,17.00,https://sweetdisorder.co.nz/cdn/shop/files/ProductImages_Mugs2025_0002_ChiefBadassFront.jpg?v=1753696322,
Insulated Mugs,Drama Queen,MUG,SDIM06,17.00,ASDIM06,17.00,https://sweetdisorder.co.nz/cdn/shop/files/ProductImages_Mugs2025_0004_CEOFront.jpg?v=1753696408,
Insulated Mugs,Grumpy Bugger,MUG,SDIM05,17.00,ASDIM05,17.00,https://sweetdisorder.co.nz/cdn/shop/files/ProductImages_Mugs2025_0000_GrumpyBuggerFront.jpg?v=1753695132,
