name,image_url
Aries,https://sweetdisorder.co.nz/cdn/shop/files/Astrology-Range_Aries-03.jpg?v=1715213967
Taurus,https://sweetdisorder.co.nz/cdn/shop/files/Astrology-Range_Taurus-03.jpg?v=1715213948
Gemini,https://sweetdisorder.co.nz/cdn/shop/files/Astrology-Range_Gemini-03.jpg?v=1715213941
Cancer,https://sweetdisorder.co.nz/cdn/shop/files/Astrology-Range_Cancer-03.jpg?v=1715213946
Leo,https://sweetdisorder.co.nz/cdn/shop/files/Astrology-Range_Leo-03.jpg?v=1715213962
Virgo,https://sweetdisorder.co.nz/cdn/shop/files/Astrology-Range_Virgo-03.jpg?v=1715213943
Libra,https://sweetdisorder.co.nz/cdn/shop/files/Astrology-Range_Libra-03.jpg?v=1715213960
Scorpio,https://sweetdisorder.co.nz/cdn/shop/files/Astrology-Range_Scorpio-03.jpg?v=1715213953
Sagittarius,https://sweetdisorder.co.nz/cdn/shop/files/Astrology-Range_Sagittarius-03.jpg?v=1715213950
Capricorn,https://sweetdisorder.co.nz/cdn/shop/files/Astrology-Range_Capricorn-03.jpg?v=1715213955
Pisces,https://sweetdisorder.co.nz/cdn/shop/files/Astrology-Range_Pisces-03.jpg?v=1715213958
Best Friend Gift Box,https://sweetdisorder.co.nz/cdn/shop/files/Med-Gift-Box-BFF-02.jpg?v=1718425430
Birthday Gift Box,https://sweetdisorder.co.nz/cdn/shop/files/Med-Gift-Box-Senior-02.jpg?v=1718444493
Box of Love,https://sweetdisorder.co.nz/cdn/shop/files/Med-Gift-Box-Love-02.jpg?v=1718445227
Box of Shit,https://sweetdisorder.co.nz/cdn/shop/files/Med-Gift-Box-Shit-02.jpg?v=1718445304
BFF Formula,https://sweetdisorder.co.nz/cdn/shop/files/Valentines-Range_BFF-Formula-01.jpg?v=1718444012
Break Up Blues Busters,https://sweetdisorder.co.nz/cdn/shop/files/Valentines-Range_Break-Up-Blues-Busters-01.jpg?v=1718445536
Romance Revivers,https://sweetdisorder.co.nz/cdn/shop/files/Valentines-Range_Romance-Revivers-01.jpg?v=1718522629
Cod Help Me,https://sweetdisorder.co.nz/cdn/shop/files/Hunting_FishingRangeBags2026_0008_CodHelpMe01.jpg?v=1786769217
Pitch Me Up,https://sweetdisorder.co.nz/cdn/shop/files/Hunting_FishingRangeBags2026_0000_PitchMeUp01.jpg?v=1786769265
Nature Calls,https://sweetdisorder.co.nz/cdn/shop/files/Hunting_FishingRangeBags2026_0011_NatureCalls01.jpg?v=1786769179
The Buck Stops Here,https://sweetdisorder.co.nz/cdn/shop/files/Hunting_FishingRangeBags2026_0017_TheBuckStopsHere01.jpg?v=1786769019
Take A Hike,https://sweetdisorder.co.nz/cdn/shop/files/Hunting_FishingRangeBags2026_0014_TakeAHike01.jpg?v=1786769073
Leaf Me Alone,https://sweetdisorder.co.nz/cdn/shop/files/GardenRangeBags2026_0015_LeafMeAlone01.jpg?v=1786769333
Weed Killer,https://sweetdisorder.co.nz/cdn/shop/files/GardenRangeBags2026_0000_WeedKiller01.jpg?v=1786769665
Green Finger Fuel,https://sweetdisorder.co.nz/cdn/shop/files/GardenRangeBags2026_0009_GreenFingerFuel01.jpg?v=1786769464
Snip Happens,https://sweetdisorder.co.nz/cdn/shop/files/GardenRangeBags2026_0003_SnipHappens01.jpg?v=1786769584
Thyme Out,https://sweetdisorder.co.nz/cdn/shop/files/GardenRangeBags2026_0012_ThymeOut01.jpg?v=1786769383
Pot Head,https://sweetdisorder.co.nz/cdn/shop/files/GardenRangeBags2026_0006_PotHead01.jpg?v=1786769132
For Fart Sake Candle,https://sweetdisorder.co.nz/cdn/shop/files/Scent-Dispensary_Product-Images_Fart-Sake-Front.jpg?v=1730249189
Shit Happens Candle,https://sweetdisorder.co.nz/cdn/shop/files/Scent-Dispensary_Product-Images_Shit-Happens-Front.jpg?v=1730250023
Toxic Socks Soy Candle,https://sweetdisorder.co.nz/cdn/shop/files/Scent-Dispensary_Product-Images_Toxic-Socks-Front.jpg?v=1730251250
Worlds Best Nana,https://sweetdisorder.co.nz/cdn/shop/files/ProductImages_Badges2026_0008_WorldsBestNana03.jpg?v=1773884498
Brain Power Pills,https://sweetdisorder.co.nz/cdn/shop/files/Brain-Power-Pills-02.jpg?v=1718445394
Bullshit Blockers,https://sweetdisorder.co.nz/cdn/shop/files/BullshitBlockers02.jpg?v=1773687020
Bullshit Treatment,https://sweetdisorder.co.nz/cdn/shop/files/ProductImages_Treatmints2025_0006_Bullshit01.jpg?v=1757290414
Common Sense Substitute,https://sweetdisorder.co.nz/cdn/shop/files/Common-Sense-02.jpg?v=1743036323
Concrete Pills,https://sweetdisorder.co.nz/cdn/shop/files/ConcretePills02_1.jpg?v=1773687488
Dad Bod Formula,https://sweetdisorder.co.nz/cdn/shop/files/Dad-Bod-01.jpg?v=1718446423
Dumbfuckery Formula,https://sweetdisorder.co.nz/cdn/shop/files/Dumbfuckery-Formula-02.jpg?v=1718446747
Dumbfuckery Treatment,https://sweetdisorder.co.nz/cdn/shop/files/ProductImages_Treatmints2025_0003_Dumbfuckery01.jpg?v=1757290460
Energy Boosters,https://sweetdisorder.co.nz/cdn/shop/files/Energy-Boosters-02.jpg?v=1718525749
FOMO Formula - NEW,https://sweetdisorder.co.nz/cdn/shop/files/FOMO02_2ba28bf7-e433-4bfb-8ca9-4a506d1737b1.jpg?v=1755927877
Chill Out Treatmint,https://sweetdisorder.co.nz/cdn/shop/files/ProductImages_TreatmintsJan2026_0003_ChillOut01.jpg?v=1769124488
Frresh As Treatmint,https://sweetdisorder.co.nz/cdn/shop/files/ProductImages_TreatmintsJan2026_0009_FreshAs01.jpg?v=1769124309
G.O.A.T,https://sweetdisorder.co.nz/cdn/shop/files/GOAT-02.jpg?v=1743037175
Grow Some Balls,https://sweetdisorder.co.nz/cdn/shop/files/Colour-Range_Grow-Some-Balls-01.jpg?v=1718447355
Grumpiness Treatment,https://sweetdisorder.co.nz/cdn/shop/files/ProductImages_Treatmints2025_0000_Grumpiness01.jpg?v=1757290433
Grumpy Git Gummies,https://sweetdisorder.co.nz/cdn/shop/files/Colour-Range_Grumpy-Git-Gummies-01.jpg?v=1718447505
Hangover Remedy,https://sweetdisorder.co.nz/cdn/shop/files/HangoverRemedy02.jpg?v=1773688754
Hangry Pills,https://sweetdisorder.co.nz/cdn/shop/files/HangryPills02.jpg?v=1773688996
Hope He Pokes Me Hokey Pokey,https://sweetdisorder.co.nz/cdn/shop/files/Kiwi-Range_Hope-He-Pokes-Me-01.jpg?v=1718448004
I like you more than a lot Lozenges,https://sweetdisorder.co.nz/cdn/shop/files/Valentines-Range_I-Like-You-01.jpg?v=1718448263
Jar of hugs,https://sweetdisorder.co.nz/cdn/shop/files/JarofHugs02.jpg?v=1776326729
Kia Kaha,https://sweetdisorder.co.nz/cdn/shop/files/Kiwi-Range_Kia-Kaha-02_002.jpg?v=1718448587
Kick Ass Treatmint,https://sweetdisorder.co.nz/cdn/shop/files/ProductImages_TreatmintsJan2026_0000_KickAss01.jpg?v=1769124140
Kiwi Inginuity Lumps,https://sweetdisorder.co.nz/cdn/shop/files/Kiwi-Range_Kiwi-Ingenuity-Lumps-01.jpg?v=1718448699
Laughter Lozenges,https://sweetdisorder.co.nz/cdn/shop/files/LaughterLozenges01.jpg?v=1773690905
Legend Lozenges,https://sweetdisorder.co.nz/cdn/shop/files/Colour-Range_Legend-Lozenges-01.jpg?v=1718448952
Lost As F*ck,https://sweetdisorder.co.nz/cdn/shop/files/ProductImages_TreatmintsJan2026_0006_LostAs01.jpg?v=1769124399
Love Bites,https://sweetdisorder.co.nz/cdn/shop/files/Love-Bites-01.jpg?v=1718449031
Man Flu Formula - NEW,https://sweetdisorder.co.nz/cdn/shop/files/ManFlu02.jpg?v=1755926731
"Man Look Remedy  - NEW",https://sweetdisorder.co.nz/cdn/shop/files/ManLook02_e0c2ce7a-c8dd-48dd-ab70-6674ecf01896.jpg?v=1755926451
Merry Crisis,https://sweetdisorder.co.nz/cdn/shop/files/Merry-Crisis-02.jpg?v=1759614178
Midlife Crisis Supplements,https://sweetdisorder.co.nz/cdn/shop/files/MidlifeCrisis02.jpg?v=1773691437
Mother Like No Other,https://sweetdisorder.co.nz/cdn/shop/files/MotherLikeNoOther02.jpg?v=1776326451
Nozempic - NEW,https://sweetdisorder.co.nz/cdn/shop/files/Nozempic02_1f830fd6-02dc-4478-8b52-c03b8dc3f522.jpg?v=1755928025
Over the Hill Pills,https://sweetdisorder.co.nz/cdn/shop/files/Colour-Range_Over-the-Hill-Pills-02_77a4169a-d102-4dad-9f65-f8e4e0f8408d.jpg?v=1719795260
Positivity Pills,https://sweetdisorder.co.nz/cdn/shop/files/Colour-Range_Positivity-Pills-02.jpg?v=1718511628
Procrastination Pills,https://sweetdisorder.co.nz/cdn/shop/files/Procrastination-Pills-02.jpg?v=1718583916
Pure Heroine,https://sweetdisorder.co.nz/cdn/shop/files/Colour-Range_Pure-Heroine-01_002.jpg?v=1718514519
Rapid Recovery,https://sweetdisorder.co.nz/cdn/shop/files/Rapid-Recovery-01.jpg?v=1718522075
Rise to the occasion,https://sweetdisorder.co.nz/cdn/shop/files/Colour-Range_Rise-to-the-Occasion-02.jpg?v=1718522315
Road Rage Reducers,https://sweetdisorder.co.nz/cdn/shop/files/Colour-Range_Road-Rage-Reducers-02.jpg?v=1718522438
"Say ""No"" Pills",https://sweetdisorder.co.nz/cdn/shop/files/Say-No-Pills-02.jpg?v=1718583779
"Say""Yes"" Pills",https://sweetdisorder.co.nz/cdn/shop/files/Say-Yes-Pills-02_3deec3d6-15d1-4f6a-a556-53fc8d6c6886.jpg?v=1719795200
Senior Moment Suppressants,https://sweetdisorder.co.nz/cdn/shop/files/Colour-Range_Senior-Moment-Suppressants-01.jpg?v=1718510462
Shit Happens,https://sweetdisorder.co.nz/cdn/shop/files/Colour-Range_Shit-Happens-02.jpg?v=1718523475
Smart Arse Suppressants,https://sweetdisorder.co.nz/cdn/shop/files/Colour-Range_Smart-Arse-Suppressants-01.jpg?v=1718523670
Stop the Whining Gums,https://sweetdisorder.co.nz/cdn/shop/files/Colour-Range_Stop-The-Whining-01.jpg?v=1718523786
Suck It Up Candy,https://sweetdisorder.co.nz/cdn/shop/files/Colour-Range_Suck-It-Up-01.jpg?v=1718524027
Superstar Fuel,https://sweetdisorder.co.nz/cdn/shop/files/SuperstarFuel02.jpg?v=1773691793
Thanks a Million,https://sweetdisorder.co.nz/cdn/shop/files/ThanksaMil02.jpg?v=1776326573
Tolerance Tablets,https://sweetdisorder.co.nz/cdn/shop/files/ToleranceTablets02.jpg?v=1773692479
Total Badass,https://sweetdisorder.co.nz/cdn/shop/files/Total-Badass-02.jpg?v=1743036664
"Yeah, Nah Lozenges",https://sweetdisorder.co.nz/cdn/shop/files/Kiwi-Range_Yeah-Nah-01.jpg?v=1718525074
You Nailed It Nuggets,https://sweetdisorder.co.nz/cdn/shop/files/Colour-Range_You-Nailed-It-01.jpg?v=1718525288
Acid Drops,https://sweetdisorder.co.nz/cdn/shop/files/Acid-Drops-01.jpg?v=1725858750
Aniseed Balls,https://sweetdisorder.co.nz/cdn/shop/files/Aniseed-Balls-01.jpg?v=1725860780
Barley Sugar,https://sweetdisorder.co.nz/cdn/shop/files/Barley-Sugars-01.jpg?v=1725859778
Black Balls,https://sweetdisorder.co.nz/cdn/shop/files/Black-Balls-01.jpg?v=1725859886
Butterscotch,https://sweetdisorder.co.nz/cdn/shop/files/Butterscotch-01.jpg?v=1725861173
Fruit Balls,https://sweetdisorder.co.nz/cdn/shop/files/Fruit-Balls-01.jpg?v=1725860574
Fruit Jubes,https://sweetdisorder.co.nz/cdn/shop/files/Fruit-Jubes-01.jpg?v=1725861292
Fruit Rocks,https://sweetdisorder.co.nz/cdn/shop/files/Fruit-Rocks-01.jpg?v=1725860683
Granny Mints,https://sweetdisorder.co.nz/cdn/shop/files/Granny-Mints-01.jpg?v=1725860463
Humbugs,https://sweetdisorder.co.nz/cdn/shop/files/Humbugs-01.jpg?v=1725859481
